age,trestbps,chol,thalach,oldpeak,target,sex_0.0,cp_1.0,fbs_0.0,restecg_0.0,exang_0.0,slope_1.0,ca_1.0,thal_2.0
0.29046364222180604,-0.09273778415763291,-0.19835726057821376,1.064974903667551,-0.8968617158532325,1.0,1,1,1,1,1,1,1,1
